{"task":"Guess Who","ranking":[{"model":"claude-3-5-sonnet-20241022","ranking":27.95029085078569,"trueskill":{"pi":0.036355949630681145,"tau":1.0161593663340527},"stats":{"wins":3,"matches":4,"playerAMatches":2,"playerBMatches":2,"playerAWins":1,"playerBWins":2,"averageTurns":9.25}},{"model":"gemini-2.0-flash-exp","ranking":24.955395010828735,"trueskill":{"pi":0.04419293210688426,"tau":1.1028520774140325},"stats":{"wins":2,"matches":4,"playerAMatches":2,"playerBMatches":2,"playerAWins":1,"playerBWins":1,"averageTurns":6}},{"model":"gpt-4o-mini","ranking":24.060940552411715,"trueskill":{"pi":0.03942849668314589,"tau":0.9486867147641357},"stats":{"wins":1,"matches":4,"playerAMatches":2,"playerBMatches":2,"playerAWins":1,"playerBWins":0,"averageTurns":7.25}}]}